{"cameraMode":{"drawMode":0,"name":"Shaded","section":"Shading Mode"},"sceneLighting":true,"audioPlay":false,"sceneViewState":{"m_AlwaysRefresh":false,"showFog":true,"showSkybox":true,"showFlares":true,"showImageEffects":true,"showParticleSystems":true,"showVisualEffectGraphs":true,"m_FxEnabled":true},"in2DMode":false,"pivot":{"x":0.048979975283145908,"y":-0.5586268901824951,"z":0.6061826944351196},"rotation":{"x":0.535778284072876,"y":-0.00985260121524334,"z":0.006287341937422752,"w":0.8442348837852478},"size":2.417320489883423,"orthographic":false}